{
  "best_score": 0.03489014762118575,
  "params": {
    "n_estimators": 2396,
    "max_depth": 4,
    "learning_rate": 0.05914796001279494,
    "subsample": 0.5207522450050831,
    "colsample_bytree": 0.5135148135095464,
    "gamma": 2.7690406134311143
  },
  "timestamp": "2026-03-15T06:53:21.540173",
  "version": "2.0.0-guardrail"
}