{
  "best_score": 0.03273484913009604,
  "params": {
    "n_estimators": 2491,
    "max_depth": 8,
    "learning_rate": 0.012448314839587395,
    "subsample": 0.7311490192943869,
    "colsample_bytree": 0.41348065871978373,
    "gamma": 5.6008081366908335
  },
  "timestamp": "2026-03-09T12:56:33.466148",
  "version": "2.0.0-guardrail"
}