{
  "best_score": 0.03426877522280548,
  "params": {
    "n_estimators": 2183,
    "max_depth": 5,
    "learning_rate": 0.14367431453479257,
    "subsample": 0.856773134374159,
    "colsample_bytree": 0.5085620090566426,
    "gamma": 1.6559320802892294
  },
  "timestamp": "2026-03-09T18:48:42.253224",
  "version": "2.0.0-guardrail"
}