{
  "best_score": 0.034693303945207414,
  "params": {
    "n_estimators": 1950,
    "max_depth": 8,
    "learning_rate": 0.12459856499066346,
    "subsample": 0.6597176934978709,
    "colsample_bytree": 0.7078699577321333,
    "gamma": 4.425902812718432
  },
  "timestamp": "2026-03-10T01:46:52.998771",
  "version": "2.0.0-guardrail"
}