{
  "best_score": 0.03481980542482444,
  "params": {
    "n_estimators": 1129,
    "max_depth": 11,
    "learning_rate": 0.02474154649471658,
    "subsample": 0.5042398443035976,
    "colsample_bytree": 0.7203580775782294,
    "gamma": 7.586041780776247
  },
  "timestamp": "2026-03-11T06:48:58.906800",
  "version": "2.0.0-guardrail"
}